City,Lat,Lng,Max Temp,Humidity,Cloudiness,Wind Speed,Country,Date
Codrington,-38.2667,141.9667,50.68,86,50,15.28,AU,10-19-2021
Westerland,54.9079,8.3033,59.18,100,90,21.85,DE,10-19-2021
Cape Town,-33.9258,18.4232,66.34,61,0,1.99,ZA,10-19-2021
Kulhudhuffushi,6.6221,73.07,81.88,74,44,11.25,MV,10-19-2021
Atuona,-9.8,-139.0333,78.39,75,26,21.0,PF,10-19-2021
Rikitea,-23.1203,-134.9692,74.86,71,5,21.25,PF,10-19-2021
Mar del Plata,-38.0023,-57.5575,66.22,63,0,13.8,AR,10-19-2021
Ushuaia,-54.8,-68.3,58.66,47,40,21.85,AR,10-19-2021
Hilo,19.7297,-155.09,74.25,89,90,6.91,US,10-19-2021
Vaini,-21.2,-175.2,71.76,88,40,8.05,TO,10-19-2021
Saint Paul Harbor,57.79,-152.4072,44.11,76,90,6.91,US,10-19-2021
Saint-Philippe,-21.3585,55.7679,72.99,76,70,8.14,RE,10-19-2021
Severo-Kuril'sk,50.6789,156.125,39.65,83,86,13.02,RU,10-19-2021
Kapaa,22.0752,-159.319,75.18,86,20,12.66,US,10-19-2021
Yellowknife,62.456,-114.3525,44.42,83,52,10.0,CA,10-19-2021
Busselton,-33.65,115.3333,54.09,74,100,23.47,AU,10-19-2021
Cidreira,-30.1811,-50.2056,65.19,63,6,10.71,BR,10-19-2021
Slavutych,51.5196,30.7343,34.2,80,17,6.64,UA,10-19-2021
Bluff,-46.6,168.3333,47.3,61,81,10.78,NZ,10-19-2021
Ribeira Grande,38.5167,-28.7,72.0,68,40,11.5,PT,10-19-2021
Port Lincoln,-34.7333,135.8667,62.06,62,100,21.18,AU,10-19-2021
Hohoe,7.1518,0.4736,77.0,85,71,1.81,GH,10-19-2021
Conde,-7.2597,-34.9075,85.46,62,20,11.5,BR,10-19-2021
Thompson,55.7435,-97.8558,38.8,60,54,11.56,CA,10-19-2021
Rio Pardo de Minas,-15.6097,-42.5397,81.55,50,94,3.42,BR,10-19-2021
Eyl,7.9803,49.8164,79.2,79,5,12.24,SO,10-19-2021
Lincoln,40.8,-96.667,75.15,52,1,7.0,US,10-19-2021
Tuktoyaktuk,69.4541,-133.0374,15.8,100,75,6.91,CA,10-19-2021
Talnakh,69.4865,88.3972,30.43,96,97,5.73,RU,10-19-2021
Castro,-24.7911,-50.0119,55.45,96,100,6.51,BR,10-19-2021
Solnechnyy,50.7214,136.6319,19.65,81,21,2.3,RU,10-19-2021
Hervey Bay,-25.2986,152.8535,67.03,83,0,2.64,AU,10-19-2021
Hithadhoo,-0.6,73.0833,82.6,75,75,11.25,MV,10-19-2021
Lebu,-37.6167,-73.65,60.62,72,0,10.56,CL,10-19-2021
Lagoa,39.05,-27.9833,68.25,71,1,14.52,PT,10-19-2021
Canchungo,12.0672,-16.0333,85.17,71,96,8.72,GW,10-19-2021
Geraldton,-28.7667,114.6,63.12,77,40,19.57,AU,10-19-2021
Punta Arenas,-53.15,-70.9167,62.71,51,75,35.68,CL,10-19-2021
Warrnambool,-38.3833,142.4833,49.8,87,45,13.44,AU,10-19-2021
Vanimo,-2.6741,141.3028,77.83,90,100,3.71,PG,10-19-2021
Omboué,-1.5746,9.2618,77.13,81,100,6.46,GA,10-19-2021
Cap Malheureux,-19.9842,57.6142,73.47,77,35,3.0,MU,10-19-2021
Tezu,27.9167,96.1667,74.84,82,96,0.98,IN,10-19-2021
Trairi,-3.2778,-39.2689,86.13,61,69,15.12,BR,10-19-2021
San Martín,-33.081,-68.4681,84.4,12,0,12.5,AR,10-19-2021
Butaritari,3.0707,172.7902,82.06,68,29,9.17,KI,10-19-2021
Blankenberge,51.3131,3.1323,64.96,82,22,3.0,BE,10-19-2021
George Town,5.4112,100.3354,78.89,91,96,5.75,MY,10-19-2021
Provideniya,64.3833,-173.3,32.25,96,100,9.6,RU,10-19-2021
Pangnirtung,66.1451,-65.7125,33.8,93,90,0.0,CA,10-19-2021
Pacific Grove,36.6177,-121.9166,64.76,77,1,4.0,US,10-19-2021
Hlobyne,49.3878,33.2596,41.34,60,5,8.16,UA,10-19-2021
Sitka,57.0531,-135.33,51.69,50,90,20.71,US,10-19-2021
Tabou,4.423,-7.3528,79.36,82,95,9.04,CI,10-19-2021
Isla Mujeres,21.2311,-86.731,87.85,65,100,12.39,MX,10-19-2021
Paola,39.3599,16.0396,60.69,75,3,3.11,IT,10-19-2021
Srednekolymsk,67.45,153.6833,-7.15,98,34,6.04,RU,10-19-2021
Harper,4.375,-7.7169,79.63,80,80,8.9,LR,10-19-2021
Jamestown,42.097,-79.2353,65.52,51,1,8.99,US,10-19-2021
Paamiut,61.994,-49.6678,39.04,59,0,0.45,GL,10-19-2021
Diamantino,-14.4086,-56.4461,87.46,50,97,3.49,BR,10-19-2021
Viedma,-40.8135,-62.9967,82.87,18,6,4.99,AR,10-19-2021
Airai,-8.9266,125.4092,62.49,83,82,0.74,TL,10-19-2021
Sonoita,31.85,-112.8333,74.53,50,14,9.73,MX,10-19-2021
Iqaluit,63.7506,-68.5145,36.7,86,100,23.0,CA,10-19-2021
Norman Wells,65.282,-126.8329,23.0,82,92,5.44,CA,10-19-2021
Hobart,-42.8794,147.3294,40.26,86,49,1.99,AU,10-19-2021
Miranda,3.2499,-76.2281,81.64,60,78,3.33,CO,10-19-2021
Nikolskoye,59.7035,30.7861,33.8,80,48,3.65,RU,10-19-2021
Arraial do Cabo,-22.9661,-42.0278,69.66,83,90,10.36,BR,10-19-2021
Ilulissat,69.2167,-51.1,41.02,30,75,16.11,GL,10-19-2021
Souillac,-20.5167,57.5167,73.36,73,14,7.38,MU,10-19-2021
Uglovoye,44.8215,33.6045,52.57,54,98,9.78,UA,10-19-2021
Upernavik,72.7868,-56.1549,34.86,73,100,19.62,GL,10-19-2021
Portland,45.5234,-122.6762,59.09,77,75,8.01,US,10-19-2021
Yar-Sale,66.8333,70.8333,33.17,98,100,10.49,RU,10-19-2021
Beringovskiy,63.05,179.3167,28.31,87,99,12.97,RU,10-19-2021
Vila Franca do Campo,37.7167,-25.4333,72.01,68,2,7.52,PT,10-19-2021
Mossamedes,-15.1961,12.1522,66.2,86,27,8.39,AO,10-19-2021
Tiznit Province,29.5833,-9.5,77.72,29,40,3.33,MA,10-19-2021
Nuuk,64.1835,-51.7216,43.41,28,1,1.14,GL,10-19-2021
Adelaide,-34.9333,138.6,63.1,41,89,1.01,AU,10-19-2021
Nhulunbuy,-12.2333,136.7667,75.81,88,9,0.0,AU,10-19-2021
Mizdah,31.4451,12.9801,65.79,58,44,11.52,LY,10-19-2021
Naranjal,-2.6667,-79.6167,88.54,65,100,5.14,EC,10-19-2021
Albany,42.6001,-73.9662,63.45,49,7,1.99,US,10-19-2021
Grindavik,63.8424,-22.4338,39.67,75,0,34.52,IS,10-19-2021
Tual,-5.6667,132.75,82.85,77,86,9.26,ID,10-19-2021
Port Alfred,-33.5906,26.891,61.43,74,0,14.81,ZA,10-19-2021
Am Timan,11.0297,20.2827,81.82,58,70,4.14,TD,10-19-2021
Mendoza,-32.8908,-68.8272,80.19,17,0,10.2,AR,10-19-2021
Kavieng,-2.5744,150.7967,82.27,75,24,9.01,PG,10-19-2021
New Norfolk,-42.7826,147.0587,39.9,71,31,2.08,AU,10-19-2021
Tuatapere,-46.1333,167.6833,39.96,73,73,3.31,NZ,10-19-2021
Alvarães,-3.2208,-64.8042,91.27,69,98,3.22,BR,10-19-2021
Altamira,-3.2033,-52.2064,91.63,47,63,1.95,BR,10-19-2021
Mataura,-46.1927,168.8643,41.25,65,96,2.51,NZ,10-19-2021
Bethel,41.3712,-73.414,65.71,53,1,1.01,US,10-19-2021
Inírida,3.8653,-67.9239,92.73,46,46,3.62,CO,10-19-2021
Comodoro Rivadavia,-45.8667,-67.5,82.26,24,0,8.05,AR,10-19-2021
Kumsi,14.0667,75.4,66.45,96,78,2.57,IN,10-19-2021
Wagar,16.1525,36.2032,90.21,31,11,16.11,SD,10-19-2021
Mahébourg,-20.4081,57.7,73.26,75,35,10.04,MU,10-19-2021
Banda Aceh,5.5577,95.3222,79.12,83,100,7.2,ID,10-19-2021
Asău,46.4333,26.4,48.76,75,73,3.27,RO,10-19-2021
Alofi,-19.0595,-169.9187,74.86,63,99,16.06,NU,10-19-2021
Kamenka,51.3223,42.7678,38.62,69,94,9.13,RU,10-19-2021
Storsteinnes,69.2408,19.2344,28.38,76,79,8.14,NO,10-19-2021
Awjilah,29.1081,21.2869,77.4,35,89,15.59,LY,10-19-2021
Nanortalik,60.1432,-45.2371,40.28,53,50,1.95,GL,10-19-2021
Tasiilaq,65.6145,-37.6368,33.96,48,5,1.41,GL,10-19-2021
Agüimes,27.9054,-15.4461,75.67,79,20,19.57,ES,10-19-2021
Helena,46.5927,-112.0361,51.93,60,1,1.99,US,10-19-2021
Saskylakh,71.9167,114.0833,21.38,97,100,1.05,RU,10-19-2021
Semporna,4.4818,118.6112,79.29,83,100,2.8,MY,10-19-2021
East London,-33.0153,27.9116,62.58,67,0,11.48,ZA,10-19-2021
Kaeo,-35.1,173.7833,52.32,95,39,5.86,NZ,10-19-2021
Kargasok,59.0556,80.8572,44.51,75,98,11.52,RU,10-19-2021
Caravelas,-17.7125,-39.2481,82.51,62,77,11.48,BR,10-19-2021
Leningradskiy,69.3833,178.4167,25.18,92,100,13.71,RU,10-19-2021
Saint George,37.1041,-113.5841,63.07,41,1,1.01,US,10-19-2021
Beloha,-25.1667,45.05,67.24,79,100,11.43,MG,10-19-2021
Chokurdakh,70.6333,147.9167,-7.98,96,100,6.42,RU,10-19-2021
Kolpashevo,58.3131,82.9089,40.98,89,89,8.12,RU,10-19-2021
Puri,19.8,85.85,79.32,83,100,6.31,IN,10-19-2021
Chicama,-7.8447,-79.1469,63.14,62,94,9.37,PE,10-19-2021
Vitim,59.4511,112.5578,34.16,97,100,8.81,RU,10-19-2021
Camacha,33.0833,-16.3333,72.82,73,0,2.3,PT,10-19-2021
Gorontalo,0.5412,123.0595,75.31,94,75,2.21,ID,10-19-2021
Chateaubelair,13.2833,-61.25,82.29,73,80,9.89,VC,10-19-2021
Coos Bay,43.3665,-124.2179,53.94,76,1,4.61,US,10-19-2021
Barrow,71.2906,-156.7887,21.22,68,90,16.11,US,10-19-2021
Qaanaaq,77.484,-69.3632,23.13,72,95,11.74,GL,10-19-2021
Salalah,17.0151,54.0924,78.89,83,75,5.75,OM,10-19-2021
Kaitangata,-46.2817,169.8464,42.93,76,21,7.94,NZ,10-19-2021
Tessalit,20.1986,1.0114,86.11,10,1,12.33,ML,10-19-2021
Hong Kong,22.2855,114.1577,79.32,80,39,4.0,HK,10-19-2021
Longyearbyen,78.2186,15.6401,13.84,73,20,14.97,SJ,10-19-2021
Avarua,-21.2078,-159.775,69.85,94,75,1.14,CK,10-19-2021
Kamina,-8.7386,24.9906,70.45,76,73,0.76,CD,10-19-2021
Būlaevo,54.9056,70.4439,45.72,64,81,9.15,KZ,10-19-2021
‘Āhuimanu,21.4447,-157.8378,78.51,68,20,10.36,US,10-19-2021
Tautira,-17.7333,-149.15,82.42,76,72,18.19,PF,10-19-2021
Puerto Ayora,-0.7393,-90.3518,80.56,80,63,9.98,EC,10-19-2021
Cerro Azul,21.2,-97.7333,80.17,64,94,5.08,MX,10-19-2021
Nyurba,63.2842,118.3319,33.94,97,100,10.65,RU,10-19-2021
Stokmarknes,68.5646,14.9108,38.5,48,20,11.5,NO,10-19-2021
Marawi,7.9986,124.2928,68.65,93,75,3.36,PH,10-19-2021
Bredasdorp,-34.5322,20.0403,58.28,88,0,14.99,ZA,10-19-2021
Alice Town,25.7167,-79.3,78.15,60,43,16.46,BS,10-19-2021
Torbay,47.6666,-52.7314,59.88,69,2,7.85,CA,10-19-2021
Mount Gambier,-37.8333,140.7667,42.71,93,78,6.91,AU,10-19-2021
Aklavik,68.2191,-135.0107,16.52,95,70,7.23,CA,10-19-2021
The Valley,18.217,-63.0578,85.1,72,30,7.78,AI,10-19-2021
Salinópolis,-0.6136,-47.3561,83.64,72,23,10.8,BR,10-19-2021
Ancud,-41.8697,-73.8203,69.42,76,6,6.8,CL,10-19-2021
Faanui,-16.4833,-151.75,79.84,77,99,13.35,PF,10-19-2021
Chui,-33.6971,-53.4616,65.59,58,12,11.81,UY,10-19-2021
Bandarbeyla,9.4942,50.8122,78.78,87,18,8.79,SO,10-19-2021
Lompoc,34.6391,-120.4579,68.68,63,1,3.44,US,10-19-2021
Lima,-12.0432,-77.0282,68.4,86,40,1.01,PE,10-19-2021
Hasaki,35.7333,140.8333,54.28,79,100,7.85,JP,10-19-2021
Hofn,64.2539,-15.2082,38.12,67,100,22.24,IS,10-19-2021
Katsuura,35.1333,140.3,62.62,77,98,12.24,JP,10-19-2021
Kavaratti,10.5669,72.642,81.93,74,89,9.04,IN,10-19-2021
Black River,18.0264,-77.8487,87.8,64,80,6.2,JM,10-19-2021
Pavlohrad,48.5167,35.8667,37.98,48,5,7.45,UA,10-19-2021
Petropavlovka,50.6114,105.3196,30.7,77,4,3.74,RU,10-19-2021
Kuusamo,65.9667,29.1833,19.44,93,0,2.3,FI,10-19-2021
Esperance,-33.8667,121.9,60.64,59,46,29.46,AU,10-19-2021
Vao,-22.6667,167.4833,72.7,88,100,13.33,NC,10-19-2021
Prado,-17.3411,-39.2208,80.92,69,91,13.87,BR,10-19-2021
Hermanus,-34.4187,19.2345,58.8,75,0,12.55,ZA,10-19-2021
Nelson Bay,-32.7167,152.15,57.76,84,97,1.01,AU,10-19-2021
Coyhaique,-45.5752,-72.0662,70.41,49,40,10.36,CL,10-19-2021
Colares,38.7992,-9.4469,74.79,65,0,3.0,PT,10-19-2021
Cherskiy,68.75,161.3,-13.02,100,98,3.74,RU,10-19-2021
Dikson,73.5069,80.5464,27.37,57,100,12.21,RU,10-19-2021
Río Gallegos,-51.6226,-69.2181,72.59,32,90,12.33,AR,10-19-2021
Kenai,60.5544,-151.2583,38.14,87,20,14.97,US,10-19-2021
Erzin,36.9559,36.2,70.52,64,2,2.73,TR,10-19-2021
Bud,39.447,-86.1758,71.91,47,30,8.14,US,10-19-2021
Bariloche,-41.1456,-71.3082,76.75,16,0,11.5,AR,10-19-2021
Arman',59.7,150.1667,10.98,53,1,7.9,RU,10-19-2021
Lilongwe,-13.9669,33.7873,70.25,66,65,9.26,MW,10-19-2021
Vardø,70.3705,31.1107,30.18,74,40,12.66,NO,10-19-2021
Turukhansk,65.8167,87.9833,34.9,97,100,8.3,RU,10-19-2021
Saldanha,-33.0117,17.9442,64.0,63,0,14.7,ZA,10-19-2021
Bambous Virieux,-20.3428,57.7575,73.22,75,42,10.27,MU,10-19-2021
Husavik,66.0449,-17.3389,34.52,69,100,22.01,IS,10-19-2021
Solenzo,12.1833,-4.0833,85.87,51,83,7.7,BF,10-19-2021
Bilibino,68.0546,166.4372,3.34,96,100,3.02,RU,10-19-2021
Aketi,2.7388,23.7833,73.85,92,100,1.59,CD,10-19-2021
Dingle,10.9995,122.6711,77.09,92,98,5.1,PH,10-19-2021
Marbella,36.5154,-4.8858,71.26,75,56,7.56,ES,10-19-2021
Nantucket,41.2835,-70.0995,60.94,55,1,19.57,US,10-19-2021
Ust'-Ilimsk,58.0006,102.6619,35.24,98,100,5.23,RU,10-19-2021
Lata,40.1629,-8.3327,74.91,74,4,2.44,PT,10-19-2021
Saint Anthony,45.0205,-93.218,72.25,47,1,1.99,US,10-19-2021
Moroni,-11.7022,43.2551,76.73,78,64,2.98,KM,10-19-2021
Kwaluseni,-26.4833,31.3333,56.89,67,24,6.73,SZ,10-19-2021
Guilin,25.2819,110.2864,62.82,87,100,4.23,CN,10-19-2021
Serramanna,39.4244,8.9244,67.62,78,5,3.56,IT,10-19-2021
Nome,64.5011,-165.4064,33.87,86,90,19.57,US,10-19-2021
Pisco,-13.7,-76.2167,67.01,82,48,11.5,PE,10-19-2021
Wamba,8.9333,8.6,77.97,81,59,2.68,NG,10-19-2021
Ayan,56.45,138.1667,28.04,59,20,7.87,RU,10-19-2021
Meulaboh,4.1363,96.1285,77.04,88,70,4.18,ID,10-19-2021
Guánica,17.9716,-66.908,90.21,75,54,5.99,PR,10-19-2021
Guarapari,-20.6667,-40.4975,73.29,95,100,12.84,BR,10-19-2021
Bāndarban,22.1965,92.2262,73.67,99,94,2.35,BD,10-19-2021
Charters Towers,-20.1,146.2667,69.37,95,47,5.35,AU,10-19-2021
Sibolga,1.7427,98.7792,76.53,85,34,2.91,ID,10-19-2021
Córdoba,-31.4135,-64.1811,87.42,14,0,5.99,AR,10-19-2021
Paka,4.6374,103.4368,78.94,85,92,2.48,MY,10-19-2021
São João da Barra,-21.6403,-41.0511,71.69,93,100,14.63,BR,10-19-2021
Lékoni,-1.5843,14.2591,70.07,93,99,5.99,GA,10-19-2021
Matara,5.9485,80.5353,77.7,88,40,8.14,LK,10-19-2021
Garissa,-0.4536,39.6401,83.79,55,98,24.47,KE,10-19-2021
Itarema,-2.9248,-39.9167,86.63,61,43,17.4,BR,10-19-2021
Fort Nelson,58.8053,-122.7002,33.26,67,70,1.83,CA,10-19-2021
Aasiaat,68.7098,-52.8699,24.13,65,99,4.59,GL,10-19-2021
Krasnosel'kup,65.7,82.4667,36.73,96,100,15.97,RU,10-19-2021
Klaksvík,62.2266,-6.589,50.92,96,96,6.8,FO,10-19-2021
Yvetot,49.6174,0.7581,67.33,84,33,14.54,FR,10-19-2021
Carnarvon,-24.8667,113.6333,66.27,63,90,11.5,AU,10-19-2021
Tortolì,39.9256,9.6572,61.81,78,3,4.12,IT,10-19-2021
Belyy Yar,53.6039,91.3903,24.69,100,72,4.47,RU,10-19-2021
Linden,6.0,-58.3,75.34,45,75,5.17,GY,10-19-2021
Storforshei,66.4043,14.5233,33.66,69,75,18.41,NO,10-19-2021
Vila Velha,-20.3297,-40.2925,73.35,94,90,6.91,BR,10-19-2021
Zhigansk,66.7697,123.3711,29.3,97,100,16.96,RU,10-19-2021
São Filipe,14.8961,-24.4956,82.31,65,4,4.12,CV,10-19-2021
Verkhnyaya Inta,65.9811,60.3094,31.86,94,100,9.01,RU,10-19-2021
Narsaq,60.9167,-46.05,37.99,46,6,1.97,GL,10-19-2021
Necochea,-38.5473,-58.7368,69.66,49,1,7.23,AR,10-19-2021
Pozo Colorado,-23.4923,-58.7972,87.3,18,0,9.55,PY,10-19-2021
Kungurtug,50.5994,97.5228,24.49,77,7,2.62,RU,10-19-2021
Chunoyar,57.4467,97.3217,38.62,92,99,3.44,RU,10-19-2021
Wanaka,-44.7,169.15,39.11,75,81,4.99,NZ,10-19-2021
Cabo San Lucas,22.8909,-109.9124,88.61,57,1,13.8,MX,10-19-2021
Deputatsky,69.3,139.9,-13.49,91,22,4.5,RU,10-19-2021
Abbeville,50.1,1.8333,67.96,66,3,13.65,FR,10-19-2021
Port Elizabeth,-33.918,25.5701,62.1,77,0,13.44,ZA,10-19-2021
Samarai,-10.6167,150.6667,80.71,81,29,7.0,PG,10-19-2021
Atambua,-9.1061,124.8925,76.57,85,91,2.84,ID,10-19-2021
Verkhoyansk,67.5447,133.385,8.53,95,100,3.67,RU,10-19-2021
Alice Springs,-23.7,133.8833,80.15,34,56,5.75,AU,10-19-2021
Sabha,27.0377,14.4283,80.96,21,98,16.64,LY,10-19-2021
Muros,42.7762,-9.0603,71.24,85,24,11.5,ES,10-19-2021
Los Llanos de Aridane,28.6585,-17.9182,76.12,66,97,13.8,ES,10-19-2021
Villa María,-32.4075,-63.2402,83.82,24,0,7.76,AR,10-19-2021
Meget,52.415,104.0494,23.76,85,15,0.89,RU,10-19-2021
Ubari,26.5921,12.7805,77.99,25,99,8.34,LY,10-19-2021
Biloela,-24.4167,150.5,66.16,83,22,5.48,AU,10-19-2021
Ankang,32.68,109.0172,52.29,89,100,4.88,CN,10-19-2021
Clarence Town,-32.5833,151.7833,57.61,94,97,2.86,AU,10-19-2021
Sørland,67.667,12.6934,40.86,64,100,25.55,NO,10-19-2021
Ochtrup,52.2167,7.1833,62.46,82,88,1.99,DE,10-19-2021
Wilkie,52.4168,-108.7014,36.9,76,77,11.36,CA,10-19-2021
Cockburn Town,21.4612,-71.1419,84.16,70,75,5.75,TC,10-19-2021
Bontang,0.1333,117.5,78.39,86,96,5.1,ID,10-19-2021
Rawson,-43.3002,-65.1023,69.31,38,12,10.67,AR,10-19-2021
Fredericksburg,38.3032,-77.4605,75.11,41,1,1.01,US,10-19-2021
Nālūt,30.3333,10.85,68.9,50,52,20.29,LY,10-19-2021
Abnūb,27.2696,31.1511,77.25,36,37,15.48,EG,10-19-2021
Mach,29.8637,67.3298,71.62,8,0,9.33,PK,10-19-2021
Mbandaka,0.0487,18.2603,73.99,89,100,3.11,CD,10-19-2021
Acapulco de Juárez,16.8634,-99.8901,85.82,74,90,5.75,MX,10-19-2021
Tupik,54.4253,119.9327,20.86,87,20,2.73,RU,10-19-2021
Keti Bandar,24.1447,67.4497,80.28,61,0,9.8,PK,10-19-2021
Araouane,18.9048,-3.5265,90.95,9,82,10.07,ML,10-19-2021
Enterprise,36.0252,-115.2419,64.65,26,1,3.0,US,10-19-2021
Balyqshy,47.0667,51.8667,48.2,57,40,4.47,KZ,10-19-2021
Severo-Yeniseyskiy,60.3725,93.0408,36.09,97,100,8.34,RU,10-19-2021
Karratha,-20.7377,116.8463,70.14,50,89,13.8,AU,10-19-2021
Thinadhoo,0.5333,72.9333,83.19,74,37,12.08,MV,10-19-2021
Inuvik,68.3499,-133.7218,16.56,92,75,3.44,CA,10-19-2021
Ekuvukeni,-28.4675,30.1551,54.46,75,20,8.39,ZA,10-19-2021
Russkiy Aktash,55.0384,52.1214,38.55,68,91,5.84,RU,10-19-2021
Mahon,39.8885,4.2658,64.96,68,20,4.61,ES,10-19-2021
Maniitsoq,65.4167,-52.9,36.32,49,11,3.56,GL,10-19-2021
Lázaro Cárdenas,17.9583,-102.2,83.53,78,68,3.0,MX,10-19-2021
Östersund,63.1792,14.6357,34.61,93,75,16.11,SE,10-19-2021
Poum,-20.2333,164.0167,75.47,84,100,8.43,NC,10-19-2021
Fare,-16.7,-151.0167,79.52,77,82,14.47,PF,10-19-2021
Puerto Escondido,15.85,-97.0667,88.63,58,40,6.91,MX,10-19-2021
Tondano,1.3038,124.9112,68.09,88,26,2.15,ID,10-19-2021
Anadyr,64.75,177.4833,28.0,86,100,13.0,RU,10-19-2021
Denpasar,-8.65,115.2167,78.46,94,40,5.75,ID,10-19-2021
Kutum,14.2,24.6667,81.39,15,9,10.4,SD,10-19-2021
Simões,-7.5989,-40.8178,98.42,17,64,6.93,BR,10-19-2021
Lakes Entrance,-37.8811,147.981,56.16,92,49,10.51,AU,10-19-2021
Brae,60.3964,-1.353,53.51,97,100,6.15,GB,10-19-2021
Wattegama,6.7989,81.4808,77.23,82,64,2.39,LK,10-19-2021
Devils Lake,48.1128,-98.8651,44.58,74,90,15.99,US,10-19-2021
Verín,41.9415,-7.4381,72.55,76,33,3.71,ES,10-19-2021
Dulce Nombre de Culmí,15.1,-85.5333,89.83,91,39,3.06,HN,10-19-2021
Kahului,20.8947,-156.47,78.82,73,20,10.36,US,10-19-2021
Hopkinsville,36.8656,-87.4886,72.9,51,30,1.01,US,10-19-2021
Ardakān,32.31,54.0175,70.18,13,0,3.74,IR,10-19-2021
Voyvozh,62.892,54.9635,30.31,97,98,7.74,RU,10-19-2021
Yerofey Pavlovich,53.9667,121.9667,26.62,63,1,2.19,RU,10-19-2021
Ostrovnoy,68.0531,39.5131,35.37,63,100,23.09,RU,10-19-2021
Ampanihy,-24.7,44.75,67.5,78,100,12.86,MG,10-19-2021
North Bend,43.4065,-124.2243,56.14,76,1,4.61,US,10-19-2021
Paea,-17.6833,-149.5833,82.11,65,40,14.97,PF,10-19-2021
Mehrān,33.1222,46.1646,75.2,31,0,8.61,IR,10-19-2021
Dawlatabad,36.4141,64.9053,62.65,13,5,2.77,AF,10-19-2021
Pangkalanbuun,-2.6833,111.6167,74.14,98,100,2.19,ID,10-19-2021
Chenghai,23.4632,116.768,73.17,81,43,8.48,CN,10-19-2021
Green River,41.5286,-109.4662,44.19,67,87,3.0,US,10-19-2021
Hachinohe,40.5,141.5,48.81,87,68,5.12,JP,10-19-2021
São Raimundo das Mangabeiras,-7.0219,-45.4811,89.98,42,63,2.93,BR,10-19-2021
Buritizeiro,-17.3511,-44.9622,84.34,54,79,9.62,BR,10-19-2021
Kaoma,-14.7833,24.8,75.87,52,85,10.07,ZM,10-19-2021
Ponta do Sol,32.6667,-17.1,79.72,78,90,3.33,PT,10-19-2021
Norsup,-16.0667,167.3833,78.01,85,100,7.78,VU,10-19-2021
Hue,16.4667,107.6,75.31,94,75,3.44,VN,10-19-2021
Port Hedland,-20.3167,118.5667,73.45,73,98,8.05,AU,10-19-2021
Kiryat Gat,31.61,34.7642,72.28,100,57,4.72,IL,10-19-2021
Marzuq,14.4,46.4667,76.71,49,49,4.41,YE,10-19-2021
Khatanga,71.9667,102.5,29.32,90,100,15.52,RU,10-19-2021
Parvatsar,26.8833,74.7667,77.49,36,0,4.21,IN,10-19-2021
Cap-aux-Meules,47.3821,-61.8597,50.92,71,46,17.22,CA,10-19-2021
Tiksi,71.6872,128.8694,17.58,96,100,6.64,RU,10-19-2021
Porbandar,21.6422,69.6093,80.08,64,0,7.0,IN,10-19-2021
Finnsnes,69.2296,17.9811,28.35,68,100,7.11,NO,10-19-2021
Portsmouth,50.799,-1.0913,65.1,90,53,10.0,GB,10-19-2021
Clyde River,70.4692,-68.5914,31.6,76,87,3.98,CA,10-19-2021
Russell,32.3502,-85.1999,75.96,50,1,0.0,US,10-19-2021
Barentu,15.1139,37.5928,81.0,31,10,7.78,ER,10-19-2021
Kruisfontein,-34.0033,24.7314,59.88,75,0,12.08,ZA,10-19-2021
Mahibadhoo,3.7833,72.9667,82.49,73,8,13.24,MV,10-19-2021
Auki,-8.7676,160.7034,76.6,86,84,2.55,SB,10-19-2021
Mocuba,-16.8392,36.9856,73.44,79,36,7.65,MZ,10-19-2021
Westport,41.1415,-73.3579,67.05,53,1,1.01,US,10-19-2021
Puerto El Triunfo,13.2833,-88.55,86.16,68,100,4.29,SV,10-19-2021
Nova Olímpia,-14.7972,-57.2881,84.76,60,84,4.38,BR,10-19-2021
Falun,60.6036,15.626,39.94,96,100,4.18,SE,10-19-2021
Anloga,5.7947,0.8973,80.56,79,95,15.3,GH,10-19-2021
Djibo,14.1022,-1.6306,92.98,35,97,4.45,BF,10-19-2021
Thunder Bay,48.4001,-89.3168,66.99,75,87,6.78,CA,10-19-2021
Mahīshādal,22.1833,87.9833,77.88,94,100,7.11,IN,10-19-2021
Novy Urengoy,66.0833,76.6333,39.06,98,100,14.74,RU,10-19-2021
Bosaso,11.2842,49.1816,82.44,57,26,1.79,SO,10-19-2021
Avera,33.194,-82.5271,75.07,32,0,2.64,US,10-19-2021
Puerto del Rosario,28.5004,-13.8627,78.48,83,0,11.5,ES,10-19-2021
Santa Maria,-29.6842,-53.8069,71.65,47,0,7.07,BR,10-19-2021
Hayrabolu,41.2131,27.1069,53.06,75,88,8.86,TR,10-19-2021
Kindu,-2.95,25.95,71.53,92,100,0.58,CD,10-19-2021
Colac,-38.3333,143.5833,51.84,91,50,10.45,AU,10-19-2021
Oranjemund,-28.55,16.4333,68.31,41,41,20.15,NA,10-19-2021
Arlit,18.7369,7.3853,96.42,10,96,6.49,NE,10-19-2021
Takoradze,4.8845,-1.7554,78.57,85,100,8.3,GH,10-19-2021
Pevek,69.7008,170.3133,14.32,91,100,16.28,RU,10-19-2021
Fairbanks,64.8378,-147.7164,30.24,77,90,3.44,US,10-19-2021
Bengkulu,-3.8004,102.2655,76.53,84,100,4.83,ID,10-19-2021
Zaporizhia,47.8167,35.1833,38.12,65,0,6.71,UA,10-19-2021
Hamilton,39.1834,-84.5333,73.04,46,1,1.01,US,10-19-2021
Santa Cruz de Tenerife,28.4682,-16.2546,85.6,22,0,1.01,ES,10-19-2021
Dhāriwāl,31.9542,75.3192,69.39,51,0,3.44,IN,10-19-2021
Sumbe,-11.2061,13.8437,75.85,81,54,4.63,AO,10-19-2021
San Cristobal,7.7669,-72.225,80.78,49,20,6.67,VE,10-19-2021
Ţaga,46.95,24.05,45.48,73,73,0.81,RO,10-19-2021
Lukhovitsy,54.9728,39.0361,35.2,93,99,9.19,RU,10-19-2021
Ullapool,57.8987,-5.1604,59.34,92,99,12.17,GB,10-19-2021
Jiayuguan City,39.8167,98.3,39.58,31,94,5.26,CN,10-19-2021
Broken Hill,-31.95,141.4333,55.89,39,13,9.55,AU,10-19-2021
Evensk,61.95,159.2333,10.72,74,100,8.93,RU,10-19-2021
Shīeli,44.1667,66.75,58.75,26,93,7.61,KZ,10-19-2021
North Myrtle Beach,33.816,-78.68,79.02,42,1,3.0,US,10-19-2021
Kilindoni,-7.9139,39.6668,78.08,81,100,14.79,TZ,10-19-2021
Coihueco,-36.6167,-71.8333,75.94,44,0,2.3,CL,10-19-2021
Bathsheba,13.2167,-59.5167,88.41,62,40,16.11,BB,10-19-2021
Port Hardy,50.6996,-127.4199,49.19,74,100,17.27,CA,10-19-2021
Baker City,44.7749,-117.8344,51.93,63,1,0.0,US,10-19-2021
Tura,25.5198,90.2201,71.42,99,100,0.98,IN,10-19-2021
Kysyl-Syr,63.8986,122.7617,32.36,98,100,9.37,RU,10-19-2021
Pizhanka,57.4604,48.542,32.52,96,99,5.41,RU,10-19-2021
Touros,-5.1989,-35.4608,86.9,63,63,15.55,BR,10-19-2021
Estelle,29.8458,-90.1067,81.03,65,75,11.5,US,10-19-2021
Ahipara,-35.1667,173.1667,52.45,90,68,4.9,NZ,10-19-2021
Payson,40.0444,-111.7321,46.02,91,90,6.91,US,10-19-2021
Dalianwan,39.0286,121.695,57.72,75,0,2.24,CN,10-19-2021
Soanierana Ivongo,-16.9167,49.5833,70.36,87,4,1.97,MG,10-19-2021
Quatre Cocos,-20.2078,57.7625,73.09,75,46,10.45,MU,10-19-2021
Jalingo,8.8833,11.3667,80.2,75,88,4.9,NG,10-19-2021
Ninohe,40.2724,141.3061,48.2,95,75,4.29,JP,10-19-2021
Amalāpuram,16.5833,82.0167,78.8,88,100,2.66,IN,10-19-2021
Sinnamary,5.3833,-52.95,83.98,69,99,9.26,GF,10-19-2021
Mayumba,-3.432,10.6554,76.41,83,100,7.54,GA,10-19-2021
Adolfo López Mateos,28.4667,-107.3,68.94,19,86,16.13,MX,10-19-2021
Mandan,46.8267,-100.8896,44.58,88,90,19.57,US,10-19-2021
Lhokseumawe,5.1801,97.1507,78.6,86,84,1.77,ID,10-19-2021
Vargem Grande,-3.5431,-43.9158,90.0,46,80,3.33,BR,10-19-2021
Korla,41.7597,86.1469,54.5,27,91,3.65,CN,10-19-2021
Ereymentau,51.6199,73.1033,43.45,43,5,6.33,KZ,10-19-2021
Teahupoo,-17.8333,-149.2667,76.96,77,77,19.17,PF,10-19-2021
Muaná,-1.5283,-49.2167,88.29,58,40,6.78,BR,10-19-2021
Novyy Yegorlyk,46.3927,41.8716,45.12,83,92,6.76,RU,10-19-2021
Goderich,43.7501,-81.7165,68.04,59,3,12.39,CA,10-19-2021
Tahoua,14.8888,5.2692,93.6,22,17,4.29,NE,10-19-2021
Kousséri,12.0769,15.0306,92.01,28,99,4.99,CM,10-19-2021
Taoudenni,22.6783,-3.9836,89.51,13,41,15.59,ML,10-19-2021
Nexø,55.0607,15.1306,55.49,86,100,19.44,DK,10-19-2021
Barcarena,-1.5058,-48.6258,89.65,61,32,1.95,BR,10-19-2021
Noormarkku,61.5927,21.8685,37.18,81,90,12.66,FI,10-19-2021
Dunedin,-45.8742,170.5036,45.81,60,7,20.0,NZ,10-19-2021
Peterhead,57.5058,-1.7981,58.12,95,100,20.45,GB,10-19-2021
Hastings,50.8552,0.5729,64.98,76,8,16.69,GB,10-19-2021
Qaqortoq,60.7167,-46.0333,39.63,51,16,1.52,GL,10-19-2021
Narimanov,46.6927,47.8498,51.71,52,92,15.61,RU,10-19-2021
Boshnyakovo,49.6333,142.1667,22.64,78,38,5.21,RU,10-19-2021
Kupang,-10.1667,123.5833,79.47,85,75,5.23,ID,10-19-2021
Pulandian,39.3953,121.9669,35.73,50,0,3.22,CN,10-19-2021
Dāmghān,36.1683,54.348,61.25,49,14,4.45,IR,10-19-2021
San Patricio,28.017,-97.5169,86.41,52,100,12.71,US,10-19-2021
Aksarka,66.5606,67.7975,32.72,99,100,7.11,RU,10-19-2021
Grand Gaube,-20.0064,57.6608,73.38,77,41,3.0,MU,10-19-2021
Otane,-39.8833,176.6333,52.02,96,92,7.52,NZ,10-19-2021
Xalapa,19.5333,-96.9167,72.45,65,22,5.91,MX,10-19-2021
Tynset,62.2759,10.7824,33.42,96,100,10.6,NO,10-19-2021
Umm Kaddadah,13.6017,26.6876,91.85,13,6,15.64,SD,10-19-2021
Honiara,-9.4333,159.95,76.75,86,36,3.09,SB,10-19-2021
Xai-Xai,-25.0519,33.6442,63.23,65,32,6.82,MZ,10-19-2021
Antofagasta,-23.65,-70.4,68.22,54,9,8.59,CL,10-19-2021
Beni Suef,29.0731,31.0979,76.71,38,42,16.22,EG,10-19-2021
Lagunas,-5.2269,-75.6753,76.26,95,99,1.12,PE,10-19-2021
Hambantota,6.1241,81.1185,79.66,79,53,11.14,LK,10-19-2021
Oistins,13.0667,-59.5333,87.89,62,40,16.11,BB,10-19-2021
Laas,46.6166,10.7002,49.03,74,96,2.08,IT,10-19-2021
Yulara,-25.2406,130.9889,71.44,28,21,0.0,AU,10-19-2021
Maceió,-9.6658,-35.7353,89.04,66,20,9.22,BR,10-19-2021
Raja,8.4596,25.678,75.49,72,97,4.03,SS,10-19-2021
Brooks,50.5834,-111.8851,43.59,55,89,12.86,CA,10-19-2021
Krasnyy Bogatyr',56.0145,41.1296,34.57,90,100,5.88,RU,10-19-2021
Sioux Lookout,50.1001,-91.917,44.67,87,75,12.66,CA,10-19-2021
Hualmay,-11.0964,-77.6139,69.12,70,74,8.77,PE,10-19-2021
Don Luan,11.5333,106.9167,74.68,96,62,0.81,VN,10-19-2021
Buchanan,5.8808,-10.0467,84.16,80,63,7.34,LR,10-19-2021
São Marcos,-28.9711,-51.0681,71.2,39,0,6.24,BR,10-19-2021
Ondjiva,-17.0667,15.7333,83.05,28,74,4.9,AO,10-19-2021
Mushie,-3.0167,16.9,74.07,94,96,2.26,CD,10-19-2021
Ngunguru,-35.6167,174.5,52.16,89,78,6.55,NZ,10-19-2021
Miandrivazo,-19.5167,45.4667,81.25,58,69,5.37,MG,10-19-2021
Uarini,-2.99,-65.1083,91.35,48,93,0.18,BR,10-19-2021
Richards Bay,-28.783,32.0377,59.77,73,32,3.74,ZA,10-19-2021
Mitla,16.9167,-96.4,71.83,59,91,3.06,MX,10-19-2021
Martapura,-3.4167,114.85,75.34,94,100,0.98,ID,10-19-2021
Egvekinot,66.3167,-179.1667,20.07,84,100,17.0,RU,10-19-2021
Laguna,38.421,-121.4238,64.45,60,1,1.01,US,10-19-2021
Buriti Bravo,-5.8372,-43.8336,92.52,38,53,1.95,BR,10-19-2021
Lexington,37.9887,-84.4777,71.49,46,0,1.01,US,10-19-2021
Kirakira,-10.4544,161.9205,79.36,84,100,6.62,SB,10-19-2021
Tamandaré,-8.7597,-35.1047,81.66,69,90,9.46,BR,10-19-2021
Yacuiba,-22.038,-63.6797,83.37,30,47,6.26,BO,10-19-2021
Mitú,1.1983,-70.1733,89.33,53,96,3.11,CO,10-19-2021
Saint-Augustin,51.226,-58.6502,43.18,95,100,22.01,CA,10-19-2021
Spasskoye,44.6108,132.7969,28.04,48,12,2.39,RU,10-19-2021
Nadym,65.5333,72.5167,41.61,95,100,15.82,RU,10-19-2021
Lavrentiya,65.5833,-171.0,28.31,95,100,22.57,RU,10-19-2021
Ternate,0.8,127.4,80.85,79,40,0.4,ID,10-19-2021
Mitsamiouli,-11.3847,43.2844,77.56,76,85,8.3,KM,10-19-2021
Zhuhai,22.2769,113.5678,79.05,78,20,10.36,CN,10-19-2021
Sherlovaya Gora,50.5667,116.25,17.8,91,9,1.81,RU,10-19-2021
Krasne,49.9145,24.6134,45.75,87,98,6.67,UA,10-19-2021
Marsh Harbour,26.5412,-77.0636,78.46,57,91,15.23,BS,10-19-2021
Treinta y Tres,-33.2333,-54.3833,69.96,52,19,1.28,UY,10-19-2021
Volodarka,49.5248,29.9122,40.86,49,32,4.52,UA,10-19-2021
Luwuk,-0.9516,122.7875,77.58,82,93,3.13,ID,10-19-2021
Tooele,40.5308,-112.2983,43.23,93,90,0.0,US,10-19-2021
Manggar,-2.8833,108.2667,79.93,81,90,4.47,ID,10-19-2021
Ahero,-0.1746,34.9163,69.78,86,97,1.9,KE,10-19-2021
Olafsvik,64.8945,-23.7142,38.05,65,48,35.1,IS,10-19-2021
Kiama,-34.6833,150.8667,56.37,90,77,5.99,AU,10-19-2021
Morehead,37.2711,-87.1764,73.15,41,1,1.99,US,10-19-2021
Salta,-24.7859,-65.4117,72.19,44,75,4.0,AR,10-19-2021
Teno,-34.8667,-71.1833,85.19,38,0,2.3,CL,10-19-2021
Kidal,18.4411,1.4078,94.41,18,49,3.0,ML,10-19-2021
Malanje,-9.5402,16.341,71.37,69,89,4.12,AO,10-19-2021
Kampot,10.6167,104.1833,78.85,87,32,1.14,KH,10-19-2021
Puerto Madryn,-42.7692,-65.0385,69.01,39,3,11.05,AR,10-19-2021
Eureka,40.8021,-124.1637,61.93,62,98,10.0,US,10-19-2021
Kumul,42.8,93.45,54.25,24,1,2.28,CN,10-19-2021
Northam,51.0333,-4.2167,63.3,97,100,19.6,GB,10-19-2021
Havøysund,70.9963,24.6622,26.83,78,100,6.55,NO,10-19-2021
Barra de Tecoanapa,16.5167,-98.75,85.05,67,97,6.64,MX,10-19-2021
Vallenar,-28.5708,-70.7581,81.21,26,0,11.7,CL,10-19-2021
Pringsewu,-5.3582,104.9744,75.61,91,67,5.66,ID,10-19-2021
Port-Gentil,-0.7193,8.7815,78.19,82,96,12.41,GA,10-19-2021
Vestmannaeyjar,63.4427,-20.2734,45.59,65,100,3.44,IS,10-19-2021
Lábatlan,47.7473,18.4962,54.66,65,78,5.08,HU,10-19-2021
Spas-Klepiki,55.1347,40.1767,35.91,81,100,6.26,RU,10-19-2021
Berasia,23.6333,77.4333,74.25,74,88,1.34,IN,10-19-2021
Tuy Hoa,13.0833,109.3,76.93,93,50,4.32,VN,10-19-2021
Lukulu,-14.3707,23.242,81.07,38,52,10.11,ZM,10-19-2021
Prescott Valley,34.5894,-112.3252,59.95,46,1,1.01,US,10-19-2021
Houston,29.7633,-95.3633,83.17,64,40,3.0,US,10-19-2021
Svecha,58.2785,47.5164,34.54,87,100,6.98,RU,10-19-2021
Daru,-9.0763,143.2092,79.12,86,13,8.97,PG,10-19-2021
Huilong,31.8111,121.655,61.03,58,100,13.89,CN,10-19-2021
Bonavista,48.6499,-53.1147,52.77,77,57,7.87,CA,10-19-2021
Gouré,13.9835,10.2704,91.02,13,49,5.12,NE,10-19-2021
Qasigiannguit,68.8193,-51.1922,41.25,76,98,2.37,GL,10-19-2021
Tarakan,3.3,117.6333,76.5,100,20,3.44,ID,10-19-2021
Gouyave,12.1646,-61.7296,82.44,75,58,10.83,GD,10-19-2021
Capâo Bonito,-24.0058,-48.3494,56.8,97,99,9.51,BR,10-19-2021
Itapuranga,-15.5622,-49.9486,76.89,72,99,3.02,BR,10-19-2021
Billund,55.7335,9.1078,57.4,94,90,11.5,DK,10-19-2021
Muzaffarpur,26.1167,85.4,73.33,97,100,16.24,IN,10-19-2021
Lixouri,38.2019,20.4314,66.2,72,0,6.91,GR,10-19-2021
Fernie,49.5,-115.0687,47.37,52,7,1.9,CA,10-19-2021
Ucluelet,48.9329,-125.5528,54.09,73,100,1.01,CA,10-19-2021
Corpus Christi,27.8006,-97.3964,86.56,63,75,5.01,US,10-19-2021
Port Hawkesbury,45.6169,-61.3485,58.42,68,45,3.0,CA,10-19-2021
Birnin Kebbi,12.4539,4.1975,85.14,53,70,6.78,NG,10-19-2021
Chakrāta,30.7,77.85,50.05,86,0,4.97,IN,10-19-2021
Naryan-Mar,67.6713,53.087,32.92,98,96,7.61,RU,10-19-2021
Hurricane,37.1753,-113.2899,61.14,32,0,3.38,US,10-19-2021
San Quintín,30.4833,-115.95,65.19,58,19,11.52,MX,10-19-2021
Eslāmshahr,35.5605,51.2346,69.24,12,0,4.61,IR,10-19-2021
Novochernorechenskiy,56.2669,91.0828,36.9,77,78,3.83,RU,10-19-2021
Petropavlovsk-Kamchatskiy,53.0452,158.6483,31.84,92,91,4.09,RU,10-19-2021
Tazovsky,67.4667,78.7,32.99,96,100,11.05,RU,10-19-2021
Daitari,21.1,85.75,73.81,93,100,1.07,IN,10-19-2021
Aksu,41.1231,80.2644,53.2,24,40,4.5,CN,10-19-2021
Calbuco,-41.768,-73.1273,67.21,86,16,9.44,CL,10-19-2021
Alekseyevka,50.6309,38.6903,40.14,69,72,9.4,RU,10-19-2021
São João do Piauí,-8.3581,-42.2467,100.71,21,85,3.69,BR,10-19-2021
Olinda,-8.0089,-34.8553,83.93,70,40,9.22,BR,10-19-2021
Ketchikan,55.3422,-131.6461,45.43,68,100,7.14,US,10-19-2021
Pitimbu,-7.4706,-34.8086,86.59,68,84,10.89,BR,10-19-2021
Kuznetsk,53.1167,46.6004,34.65,78,83,4.9,RU,10-19-2021
Chingirlau,51.095,54.0814,46.53,58,99,7.18,KZ,10-19-2021
Abalak,58.1286,68.5944,50.2,51,100,9.82,RU,10-19-2021
College,64.8569,-147.8028,31.66,73,90,3.44,US,10-19-2021
Smyrna,33.884,-84.5144,75.72,41,1,1.01,US,10-19-2021
Chimoio,-19.1164,33.4833,60.75,80,100,6.62,MZ,10-19-2021
Zyryanskoye,56.8306,86.6258,37.71,84,79,6.58,RU,10-19-2021
Dobrinka,52.1653,40.4731,39.47,69,98,10.76,RU,10-19-2021
Newark,40.7357,-74.1724,68.07,41,20,14.97,US,10-19-2021
Pangai,-19.8,-174.35,75.04,66,100,17.45,TO,10-19-2021
Alugan,12.2188,125.4808,80.67,82,85,4.29,PH,10-19-2021
Honningsvåg,70.9821,25.9704,26.35,86,0,3.44,NO,10-19-2021
Guangming,45.3333,122.7833,35.11,46,0,5.55,CN,10-19-2021
Saint-Marc-des-Carrieres,46.6834,-72.0491,50.14,71,100,9.22,CA,10-19-2021
Ponta Delgada,37.7333,-25.6667,72.32,68,20,12.66,PT,10-19-2021
Todos Santos,23.45,-110.2167,88.11,66,46,9.4,MX,10-19-2021
Arrondissement de Saint-Denis,48.9167,2.3333,70.57,58,0,10.36,FR,10-19-2021
Buenavista,8.9769,125.4089,76.15,92,88,5.12,PH,10-19-2021
Tombouctou,20.0,-3.0,87.51,10,52,10.09,ML,10-19-2021
Skibbereen,51.55,-9.2667,58.8,89,51,14.07,IE,10-19-2021
Kumertau,52.7667,55.7833,46.92,68,100,9.31,RU,10-19-2021
Hobyo,5.3505,48.5268,78.64,84,58,14.54,SO,10-19-2021
Pathein,16.7833,94.7333,75.16,95,98,4.45,MM,10-19-2021
Xining,36.6167,101.7667,36.46,99,100,1.72,CN,10-19-2021
Bedelē,8.456,36.353,54.66,74,96,1.95,ET,10-19-2021
Pasco,28.292,-82.4165,86.04,51,36,3.0,US,10-19-2021
Ile-Ife,7.4667,4.5667,73.63,96,72,2.98,NG,10-19-2021
Constitución,-35.3333,-72.4167,66.02,58,4,5.99,CL,10-19-2021
Sambava,-14.2667,50.1667,72.81,83,63,7.78,MG,10-19-2021
Trojes,41.756,19.962,52.29,69,18,4.79,AL,10-19-2021
Oberá,-27.4871,-55.1199,76.86,38,1,6.73,AR,10-19-2021
